<?xml version="1.0" encoding="UTF-8"?>
<metadata xml:lang="en"><Esri><CreaDate>20200713</CreaDate><CreaTime>18355600</CreaTime><ArcGISFormat>1.0</ArcGISFormat><SyncOnce>TRUE</SyncOnce><DataProperties><lineage><Process ToolSource="c:\program files (x86)\arcgis\desktop10.7\ArcToolbox\Toolboxes\Data Management Tools.tbx\Project" Date="20200713" Time="183556">Project gadm36_CAN_WGS1984 C:\Users\mdaur\Documents\Documents\UBC\researchCommons\GIScienceWorkshops\introSpatialRef\gadm36_CAN_shp\gadm36_CAN_lambert_proj.shp PROJCS['Canada_Lambert_Conformal_Conic',GEOGCS['GCS_North_American_1983',DATUM['D_North_American_1983',SPHEROID['GRS_1980',6378137.0,298.257222101]],PRIMEM['Greenwich',0.0],UNIT['Degree',0.0174532925199433]],PROJECTION['Lambert_Conformal_Conic'],PARAMETER['False_Easting',0.0],PARAMETER['False_Northing',0.0],PARAMETER['Central_Meridian',-96.0],PARAMETER['Standard_Parallel_1',50.0],PARAMETER['Standard_Parallel_2',70.0],PARAMETER['Latitude_Of_Origin',40.0],UNIT['Meter',1.0]] WGS_1984_(ITRF00)_To_NAD_1983 GEOGCS['GCS_WGS_1984',DATUM['D_WGS_1984',SPHEROID['WGS_1984',6378137.0,298.257223563]],PRIMEM['Greenwich',0.0],UNIT['Degree',0.0174532925199433]] NO_PRESERVE_SHAPE # NO_VERTICAL</Process></lineage><itemProps><itemLocation><linkage Sync="TRUE">file://\\DESKTOP-BDPJHVR\C$\Users\mdaur\Documents\Documents\UBC\researchCommons\GIScienceWorkshops\introSpatialRef\gisData\shapefiles\CAN_lambert</linkage><protocol Sync="TRUE">Local Area Network</protocol></itemLocation></itemProps><copyHistory><copy source="C:\Users\mdaur\Documents\Documents\UBC\researchCommons\GIScienceWorkshops\introSpatialRef\gisData\CAN_lambert" dest="\\DESKTOP-BDPJHVR\C$\Users\mdaur\Documents\Documents\UBC\researchCommons\GIScienceWorkshops\introSpatialRef\gisData\shapefiles\CAN_lambert" date="20200714" time="14491700"></copy></copyHistory></DataProperties></Esri></metadata>
